{"cameraMode":{"drawMode":0,"name":"Shaded","section":"Shading Mode"},"sceneLighting":false,"audioPlay":false,"sceneViewState":{"showFog":true,"showMaterialUpdate":false,"showSkybox":true,"showFlares":true,"showImageEffects":true,"showParticleSystems":true},"in2DMode":false,"pivot":{"x":0.16743779182434083,"y":-1.8743267059326172,"z":-4.310279369354248},"rotation":{"x":-0.014608524739742279,"y":0.9738447666168213,"z":-0.21706534922122956,"w":-0.06554188579320908},"size":1.4289418458938599,"orthographic":false}